vendorID,donationType,note,date,donationValue
1,Photo-or-Video,photography services (1-hour shoot) for Virginia Tolley's Wish *address to Rachel Waldmer*,2015-09-02,395
2,Photo-or-Video,a discounted photography session for Florence's Wish of a Lifetime,2014-10-10,125
3,Photo-or-Video,discounted photography for Paula Kenney's Wish,2016-09-28,100
3,Photo-or-Video,one hour of photography coverage for Ruth McKnight's Wish,2016-07-06,150
4,Photo-or-Video,discounted photography for Roberta Epstein's Wish,2017-04-25,150
5,Travel/Transportation,discounted airfare for 31 passengers for Journey of Heroes trip,2016-10-26,2602.45
5,Travel/Transportation,Discounted airfare from Alaska Airlines for 10 round trip flights. Flights were taken on 10/15/17 and 10/18/17. ,2018-11-15,949.9
5,Travel/Transportation,Donation of 10 round trip ticket vouchers for the Journey of Heroes veterans. Used on 10/16/17 and 10/19/2017.  --- NO INKIND FORM,2017-11-29,12500
5,Travel/Transportation,free round-trip flight from Portland to DC for Journey of Heroes trip,2016-10-26,498.42
5,Travel/Transportation,Waived baggage fees for 35 passengers on DC trip from Portland to Washington DC and back. Flights taken on 10/16/17 and 10/19/17.  -- NO IN-KIND FORM,2017-11-29,1750
5,Travel/Transportation,Waived baggage fees for 40 passengers on DC trip from Portland to Washington DC and back. Flights taken on 10/15/17 and 10/18/17.  ,2018-11-15,2000
5,Travel/Transportation,waived baggage fees for one bag for 33 passengers per flight for Journey of Heroes trip,2016-10-26,1650
6,Travel/Transportation,20% discount on limo service,2015-06-23,75
6,Travel/Transportation,discounted car service from NJ to NY for Fred Lindheim's Wish,2016-12-20,85
7,Photo-or-Video,photo shoot for Minnie and Carroll Mackeprang's Wish,2017-10-19,275
8,Photo-or-Video,discounted photography for Gail Lee's Wish,2017-10-26,90
9,Photo-or-Video,photography session for John Atkinson's Wish,2016-08-12,850
10,Photo-or-Video,photography session and images for Virginia Spreng's Wish,2015-11-20,450
11,Photo-or-Video,photojournalism session documenting Irma Moran's Wish ,2017-04-26,350
12,Hotel,one donated room and one discounted room for two nights for Leonard Littlepage's Wish (Oct 7-9) ,2017-10-09,603.47
13,Photo-or-Video,photography coverage and digital image files for Al Gilson's Wish,2016-08-03,514.19
14,Photo-or-Video,photography services at a discounted rate for Arthur Hoffmann's Wish,2017-08-21,75
15,Meal,10 petite chicken salad sandwiches and 25 dessert mix tray for Joyce Gimmell's Wish,2016-07-01,130
16,Wheelchair/Medical Equipment,golf cart for Pinellas Trail ride for Joan Thompson's Wish,2018-04-18,200
17,Hotel,one handicap room (2 nights) and one adjoining room (2 nights) for Cindy Florsheim's Wish,2018-11-07,315
18,Professional-Service,research services for Barbara Morgan's Wish in May 2015,2015-05-20,300
19,Photo-or-Video,photography services for Nancy Bouleware's Wish,2018-12-11,200
20,Photo-or-Video,one-hour photo session with digital images for Rose Ploss's Wish,2017-08-21,500
21,Photo-or-Video,discounted photography services for Howard Wickstrom's Wish,2015-09-21,150
22,Photo-or-Video,"discounted professional photo and video event coverage for Marvin ""Sam"" Murray's Wish",2015-11-16,1375
23,Photo-or-Video,2-hour photography for Edsel Wiegert's Wish,2017-01-13,650
24,Celebrity-non-sport,personalized Ryan Gosling autographed photo for Gloria McCormick's Wish,2017-05-09,227.99
25,Photo-or-Video,photography services for Irene Hicks' Wish,2018-04-25,1200
25,Photo-or-Video,photography services for Jeannette Good's Wish,2018-09-04,1800
26,Attraction,5 Aquarium of the Pacific Admission Tickets for Judy Hoyt's Wish,2015-08-31,144.75
27,Photo-or-Video,Unavailable to shoot wish but wants to work with us/donate her services in the future,,0
28,Photo-or-Video,Unavailable to shoot with but would love to partner with us in the future,,0
29,Recreational-Transportation,discounted flight for 3 on a Cessna 172 for Charles Tuholski's Wish,2016-05-03,44.1
30,Miscellaneous,1 hour of pool therapy with a physical therapist for Frances Crowley's Wish,2016-07-20,220
31,Sports,special seat visit during the game and Braves goodies for Joseph Norvell's Wish,2015-10-15,20
32,Hotel,"two rooms for November 11, 2017 for Richard Davis’ Wish",2017-11-29,500
33,Photo-or-Video,photography services for Betty Sue's Wish of a Lifetime,2014-11-25,450
34,Photo-or-Video,discounted photo shoot for Margaret Smith's Wish,2016-10-24,400
35,Photo-or-Video,discounted photography services for Mary King's Wish,2019-01-14,50
36,Photo-or-Video,discounted photography coverage for Donald Bansen's Wish,2016-03-15,1350
37,Photo-or-Video,photography services for Bernidean Wilkie's Wish,2015-09-23,225
38,Photo-or-Video,photographing the event at the car show for Frank Crowley,2015-08-11,300
39,Photo-or-Video,"Friends with Nessa Kissinger, another photographer on this list. Barbara was not available to shoot a wish in April 2018, but she said she would be happy to help (donate) in the future",,0
40,Attraction,four admission tickets to the Battleship Cove for Edmund DelBarone's Wish,2017-07-28,100
41,Hotel,three-night stay for Ray and Linda Norris' Wish,2017-05-02,733.17
42,Photo-or-Video,For Carolyn Walker's Wish,,$200.00 
43,Photo-or-Video,50% off a $400 Session on February 10th,2015-02-11,200
44,Photo-or-Video,photography services for Barbara Ullrich's Wish ,2015-09-23,149
44,Photo-or-Video,photography services for Patti Harri's Wish,2016-05-12,150
45,Attraction,one ticket (for photographer) and Biltmore Estate t-shirt souvenir for Jim Austin's Wish (NO IN-KIND FORM),2017-05-26,78.6
46,Photo-or-Video,photography session for Beverly Bogg's Wish,2017-04-03,400
47,Meal,5 cake bars and 3 dozen bourbon bites for Leta Huff's Wish,2017-03-31,211.09
48,Sports,autographed Bob Uecker baseball for Ronald Christensen's Wish,2016-08-09,247.39
49,Recreational-Transportation,30-minute ride in North America AT-6 for Stan Westhead's Wish,2017-02-16,500
50,Sports,"Boston Red Sox goodies, including a blanket, a t-shirt, bobblehead, baseball, and authentic baseball cap for Homer Evert's Wish",2015-10-12,175
50,Sports,tickets for Leo's Wish of a Lifetime,2014-08-19,210
51,Miscellaneous,"two-and-a-half day adaptive ski lessons, includes lift ticket, equipment, and lesson for Ellie Ross' Wish",2018-02-16,330
52,Miscellaneous,"radio advertisements, flyers, raffle tickets, and cups for Cornhole Competition fundraiser for WOL",2015-10-24,773.94
53,Meal,Dinner for 10 for Rose Molendyk's Wish,2016-01-14,462.29
54,Photo-or-Video,Did video for listed price as well for Sue Tsosie's Wish,,$250.00 
55,Performing-Arts,"3 lunch and show tickets to ""A Christmas Carol"" for Marion's Wish of a Lifetime",2014-11-13,153
56,Hotel,One hotel room for two nights for Sam Murray's Wish,2015-12-18,269.1
57,Sports,"hockey jersey, polo shirt, and hat for Edward Dewey's Wish",2017-04-10,200
58,Photo-or-Video,discounted photography session and digital files for Marie Murie's Wish,2016-03-31,300
59,Photo-or-Video,discounted photography package for Betty Hartman's Wish,2017-01-20,150
60,Hotel,a 3-night stay at Caesars Palace for Margaret Fagetti's Wish to attend the Toastmasters Convention,2015-08-17,750
61,Hotel,discounted hotel rate for Sue Tsosie's Wish,2016-06-10,130
62,Photo-or-Video,photography session with digital images for Ray and Linda Norris's Wish,2017-05-08,723
63,Photo-or-Video,1-hour session of photography with 2 photographers for Rosalie Hellman's Wish,2016-08-12,200
64,Hotel,three night stay in a standard queen room for Lorraine Hochkiss and Diane Watson's Wish,2018-06-12,485.96
65,Photo-or-Video,a one-day Disney World park ticket and 50% off for a photography session for Cora Shepherd's Wish,2015-08-24,150
65,Photo-or-Video,discounted event photography for Arthur Carver's Wish,2015-11-16,375
65,Photo-or-Video,"three one-hour photo sessions at the Holy Land Experience for Hazel Tate, Carmelita Arnato, and Eloise Evans",2017-05-08,499
66,Performing-Arts,two tickets to the 69th 'Singing Christmas Tree' for Nancy Bouleware's Wish,2018-12-11,78
67,Recreational-Transportation,Discounted 3 hour sailing day cruise for Roberta Epstein's wish. NO LETTER NEEDED. ,2017-03-30,152.25
68,Photo-or-Video,2 hour photo session for Alta's Wish of a Lifetime. ,2014-08-11,220
68,Photo-or-Video,photography services,2015-05-19,400
69,Photo-or-Video,Unavailable to shoot with but would love to partner with us in the future,,0
70,Photo-or-Video,one hour of event photography plus hi-res files and printing rights for Zane Miller's Wish,2017-12-26,300
71,Photo-or-Video,two autographed photos of Tom Selleck for Betty Hartman's Wish,2017-01-20,304
72,Photo-or-Video,photography services for Edward Dewey's Wish,2017-04-10,400
73,Recreational-Transportation,50% discount on a Hot Air Balloon ride for three people.,2015-05-05,277.5
74,Photo-or-Video,discounted photo session for Joe Kaspar's Wish,2016-07-24,300
75,Sports,1-hour long tour for 15 adults at Charlotte Motor Speedway for Harold Smith's Wish,2018-11-12,180
76,Sports,3 tickets to a Chicago Blackhawks home game including parking and an autographed photo of Jonathan Toews for Magdalene Allegretti's Wish ,2015-08-28,700
77,Sports,Kris Bryant autographed baseball for Karen Aurand's Wish,2017-12-26,299.99
78,Photo-or-Video,for Mary Murie's Wish,,0
79,Photo-or-Video,2-hour event photography for Larry Cooper's Wish,2015-09-09,240
80,Photo-or-Video,"sunrise shoot in Honolulu, Hawaii for Ronald's Wish of a Lifetime",2014-09-29,600
81,Photo-or-Video,editorial photography services for Ford Lund's Wish with the Minnesota Vikings,2015-09-19,500
82,Photo-or-Video,Unavailable to shoot wish but would LOVE to partner with us in the future!,,0
83,Photo-or-Video,one hour photography session for Ruby's Wish of a Lifetime,2014-11-24,450
84,Photo-or-Video,photography services for Sharon Huls' Wish,2015-09-21,200
85,Photo-or-Video,photography services (8 hours) for the 2015 WOL Veterans Trip ,2015-09-15,1300
86,Performing-Arts,two behind-the-scenes experience and show tickets to Cirque du Soleil's TORUK for Carolyn Walker's Wish,2016-12-12,200
87,Hotel,one night hotel stay for Troy Starks' Wish,2016-10-31,85.07
88,Attraction,"admission, photos, and dolphin care experience for Mary Ann McGinnis' Wish",2018-12-28,384
89,Sports,4 tickets to the Cav's vs. 76er's game and Cav's Pack,2015-03-18,720
90,Photo-or-Video,discounted photography for Kathleen Mullis's Wish,2016-09-16,150
91,Photo-or-Video,photography service for Simon Armenta's Wish,2016-10-28,200
92,Recreational-Transportation,30-min B-4 flight experience for 8 people for Lou Weiske's Wish on July 2015,2015-09-30,3600
93,Sports,5 infield box tickets to a home Colorado Rockies Game on 4/27/17 for Maxine Earl's Wish,2017-05-31,260
94,Performing-Arts,three tickets to Andre Rieu for Jack Hager's Wish,2017-10-20,247.5
95,Professional-Service,caregiving services for the Frank and Marie Zulo's Wish,2015-09-11,671
96,Recreational-Transportation,"fully donated ride in a P-51 for Marion ""Rodge"" Rogers Wish of a Lifetime",2014-10-09,1495
97,Hotel,four rooms (two comped rooms and two discounted rooms) for Phyllis Grabowski's Wish,2018-04-25,412.16
98,Hotel,one-night hotel stay in a room with two queen beds for Margaret Stempen's Wish,2017-09-29,129
99,Hotel,3-night complimentary stay for Rebecca Awad's Wish,2016-12-05,350
100,Hotel,a three-night stay for Rhonda Dula's Wish,2018-11-26,477
101,Attraction,four tickets for Casper Randazzo's Wish,2018-11-12,80
102,Photo-or-Video,time and expenses for the creation of video content for Paul Schuller's Wish,2017-06-08,5151.06
103,Photo-or-Video,"2 hours of photography, travel time, and image for Edward Gardner's Wish",2017-06-06,245
104,Hotel,3 nights accommodation for Antoinette and Omer Fortin's Wish,2016-09-12,600
105,Photo-or-Video,one hour of free photography for a wish.,2014-08-04,187.25
106,Hotel,3 days of parking for Alta's Wish of a Lifetime,2014-08-19,60
106,Hotel,a Gift Certificate for a 2 night stay and complimentary breakfast for 2.,2014-08-08,678
107,Photo-or-Video,discounted photography services for Louis Weiske's Wish -- NO IN-KIND FORM,2017-06-26,350
108,Photo-or-Video,discounted photography for Ed Sulsona's Wish,2016-05-19,87.5
109,Photo-or-Video,portrait session (two people) for Ruth Carson's Wish,2017-07-18,200
110,Photo-or-Video,photography for Ellen Caquelin's Wish,2016-02-24,250
111,Photo-or-Video,photographic services for Bill Prestion's Wish,2017-06-28,1000
111,Photo-or-Video,photography services for Bill Boardman's Wish,2017-08-01,300
111,Photo-or-Video,photography services for Elleen Cornelius' Wish in July 2015,2015-07-17,500
112,Photo-or-Video,one-hour of photography for Ronald Christensen's Wish,2016-08-12,25
113,Photo-or-Video,photography services for 2 days for Rudy Meisenheimer's Wish,2015-09-10,900
114,Celebrity-non-sport,"Days of Our Lives merchandise (a book, a t-shirt, 2 coffee mugs, a hat, notebook, pins, and keychains)",2016-01-22,87.85
114,Celebrity-non-sport,large gift bag for Sue Harrison's Wish in June 2015,2015-09-30,421.34
115,Attraction,guide service on October 18 (12:30pm-5:30pm) and October 20 (10:00am-3:00pm) for Journey of Heroes,2016-10-20,520
116,Photo-or-Video,"1-hour portrait session in Yosemite National Park, 4 hours driving, and photo processing time for Alice Stagg's Wish",2017-09-07,450
117,Sports,"two Green Bay Packers tickets to the November 6, 2016 game for Harvey Lemke's Wish",2016-11-07,528
118,Photo-or-Video,"photographic services for Richard Davis' Wish on November 11, 2017 at Rehoboth Beach",2017-11-13,300
119,Sports,Single 45 minute lesson,2015-03-23,95
120,Attraction,"5 zoo admission tickets, 3 behind-the-scenes tours and keeper talks, food vouchers, and 10 zoo lights tickets for Kathy Allen's Wish -- count in 2016, change date after sending letter",2016-12-31,795
120,Attraction,eight tickets (two age 65+ and six age 12-64) for Bill Boardman's Wish,2017-08-01,130
121,Sports,"two handicap accessible seats, one garage parking pass, two food vouchers, and a gift basket for Erwin Hilzinger's Wish",2018-08-13,254.64
122,Attraction,a private cabana and sloth encounter for Mary Orchard's Wish in April,2016-07-15,200
122,Attraction,discounted two-day resort with dolphin swim packages for Mary Orchard's Wish (attn: Abby Jacobacci),2016-01-14,140
123,Photo-or-Video,photography discount for Steve Horgash's Wish,2016-10-17,103.5
124,Professional-Service,"publishing services consisting of editing, page design, cover design, manufacturing, distribution, promotion, and misc administrative servics for Mary Jeffredo's WIsh",2018-01-19,4500
125,Sports,Chipper Jones signed memorabilia including 1 signed baseball and a signed picture,2015-07-15,482
126,Hotel,2 complimentary nights for Joseph Norvell's Wish (address to Carita Montgomery),2015-10-07,200
127,Hotel,Discount on a 3 night stay for Tal's Wish of a Lifetime,2014-10-07,406.8
127,Hotel,discounted hotel room for three nights for Jeanette William's Wish,2018-05-24,189
127,Hotel,discounted hotel room for three nights for Theodosia Duncan's Wish,2018-06-26,189
128,Professional-Service,5 hours of genealogy services for Ana Figueras's Wish,2016-06-10,100
129,Hotel,hotel room discount,2015-06-23,173.44
130,Hotel,discounted room rate for Hazel Tate's Wish,2017-05-01,100
131,Recreational-Transportation,airplane discovery ride over Catalina Island (1 hour) for Barry Elpern's Wish -- NO IN-KIND FORM,2017-12-07,249.95
132,Sports,2 ADA accessible tickets to Duke vs. Elon basketball game for John Bucari's Wish,2015-12-28,190
133,Photo-or-Video,photography for Leta Huff's Wish,2017-03-31,300
134,Attraction,6 admission tickets to the EAA AirVenture for Eddie Lamken's Wish of a Lifetime,2015-07-24,258
134,Recreational-Transportation,"2 B17 flight passes at the EAA AirVenture on July 24, 2015 for Eddie Lamken's Wish",2015-05-14,950
135,Hotel,6-night hotel stay for Ernie Braunstein's Wish,2015-09-30,720
136,Photo-or-Video,discounted photo shoot for Angel Cerna's Wish,2017-06-26,300
137,Photo-or-Video,photography services and disk for Bob Karas and Phyllis Dubow's Wish,2016-02-04,495
138,Travel/Transportation,1 free Economy Class Ticket and 1 discounted Business Class Ticket for Ernest Braunstein,2015-02-11,1468
139,Sports,a Tony La Russa autographed photo and book commemorating his second World Series win for Josephine Navarro's Wish,2016-03-15,147.27
140,Photo-or-Video,photography and photography services for Roy Moore's Wish,2016-05-24,500
141,Photo-or-Video,20% off photography services,2015-05-18,86
142,Hotel,two night stay (8/25-8/27) for Sue Watkin's Wish,2017-08-28,700
143,Hotel,a one-night stay for Billy Bob Crice's Wish (Stay # 85291693),2016-06-20,200
144,Photo-or-Video,professional photography service/coverage for 1 hour and digital images with copyright release for use for Harold Smith's Wish,2018-11-12,350
145,Photo-or-Video,discounted event photography package for Ruth's wish at the 9/11 Memorial,2015-07-09,300
145,Photo-or-Video,"photography services for Ruth Winaker's Wish - initially charged WOL for $150 (partial donation), but then decided to donate her entire services",2015-06-15,150
146,Photo-or-Video,discounted photography service for Audrey Church's Wish,2016-05-18,260
147,Photo-or-Video,photography discount on Charles Tuholski's Wish,2016-05-06,50
148,Photo-or-Video,"discounted photography services, portraits, and event coverage for Bill Brownson and Ev Beemer's Wish",2017-06-09,300
149,Performing-Arts,4 half priced tickets to Esther's Follies,2015-07-31,60
150,Hotel,two nights at a discounted rate for Mille Locastro's Wish,2018-12-18,1000
150,Hotel,two rooms for two nights for John Farr's Wish,2018-11-06,612.28
151,Miscellaneous,custom painted and airbrushed helmet for Renata Whitney's Wish (ATTN: Jamie Chasse),2016-05-17,350
152,Wheelchair/Medical Equipment,discount on wheelchair rentals,2014-10-09,75
152,Wheelchair/Medical Equipment,discounted rate for 12 wheelchair rentals for Journey of Heroes,2016-10-25,75
153,Photo-or-Video,photography services and products for Dorothy Coates Wish of a Lifetime,2015-08-10,400
154,Hotel,3-night stay for Colleen Piatt's Wish,2017-10-17,375
155,Photo-or-Video,photography and photography services for Arline Raudenbush's Wish,2018-07-13,350
156,Photo-or-Video,"Unavailable to shoot wish I requested, but potential for donating photography for future wishes",,0
157,Recreational-Transportation,"one discovery flights, up to one hour, for Arthur Hofmann's Wish",2017-07-31,175
158,Performing-Arts,three tickets to Don Williams in concert on 3/1/15,2015-02-23,132
159,Photo-or-Video,discounted rate on one hour of photography and digital images,2015-05-20,395
160,Travel/Transportation,discounted transportation,2015-03-29,163.4
161,Meal,a dinner voucher for two ,2015-07-31,40
162,Miscellaneous,original oil by Gary Jenkins for Lanita Parnell's Wish,2018-07-27,350
163,Hotel,discounted hotel stay (50% discount) for Lyle Meador's Wish,2015-10-06,267.3
164,Recreational-Transportation,"discounted rate on a Pontoon boat rental, with driver and gas provided",2015-06-09,150
165,Photo-or-Video,photography services for Nancy Patterson's Wish,2015-09-30,250
166,Attraction,four first class train rides for Carroll Redding's Wish,2016-10-10,120
167,Miscellaneous,discounted manicure/pedicure for 2 for Phyllis Fleming's Wish in April,2016-07-19,64
168,Attraction,discounted dog sledding adventure for six people for Harriet McGehee's Wish,2017-02-21,108
169,Hotel,Canyon Discovery Package for LaVerda Hurlburt's Wish,2017-02-27,955
170,Performing-Arts,two complimentary tickets to any scheduled show at Grand Country Music Hall,2015-06-08,73.66
171,Hotel,discounted three night stay for Chuck DeCrane's Wish,2016-09-19,107.29
172,Photo-or-Video,video discount for Jo's Wish in April,2016-04-18,500
173,Photo-or-Video,"30 minute photography session, with up to 30 photos edited and digitally delivered for Caren Mim's Wish",2015-03-11,100
174,Attraction,Four Discover Dolphin Encounters for George Scott's Wish of a Lifetime,2015-07-30,180
175,Recreational-Transportation,"an all inclusive boat charter, 2 hours with the captain, for Pauline Rosendorf's Wish",2017-06-26,300
176,Hotel,three-night stay in a standard double queen room with complimentary breakfast for two for Rose Ploss's Wish,2017-08-21,450
177,Hotel,discount for two nights accommodation,2015-05-18,433.1
178,Hotel,Gift Certificate for a 3-night hotel stay,2014-08-25,315
179,Hotel,discounted rate for a hotel room ( 1 handicapped accessible room for 2 people) for Hilliard Smith's Wish,2016-11-21,100
180,Photo-or-Video,,,$150.00 
181,Attraction,a tour of the Harley-Davidson Museum for Marilyn Hill's Wish,2017-07-28,250
182,Photo-or-Video,photography session discount for Lois Rosas Wish of a Lifetime,2015-07-28,125
183,Attraction,four tickets for Edward Gardner's Wish (NO IN-KIND FORM),2017-06-06,64
184,Photo-or-Video,3-5 hours photography time and raw video footage and edited stills for Mel Heckman's Wish,2016-12-02,3250
185,Photo-or-Video,photography for Pat Monroe's Wish,2017-06-08,150
186,Meal,$150 Gift Certificate for Larry Cooper's Wish,2015-09-07,150
187,Hotel,two night complimentary hotel stay for Gertrude Valentino's Wish,2017-09-12,658
188,Hotel,discounted 3-night guest room for Deloris Butler's Wish,2016-08-08,400
189,Hotel,one hotel room for three nights and one hotel room for three nights at a reduced rate for Darlena Clements's Wish,2017-07-06,963
190,Hotel,"two rooms, dinner, and breakfast for Betty Crowley's Wish",2018-04-03,450
191,Hotel,discounted hotel rooms for William Brownson and Everett Beemer's Wish,2017-07-19,980
192,Hotel,two night hotel stay and two complimentary dinners,2015-05-14,800
193,Hotel,a hotel stay (2 rooms) for Chuck Ebaugh's Wish of a Lifetime,2015-07-29,900
194,Hotel,discounted hotel rate for Kay Stoop's Wish,2017-06-09,190
195,Hotel,one hotel room for seven nights for James Thomas's Wish -- NO INKIND FORM,2017-08-21,1156.22
196,Hotel,discounted hotel room for two nights for Doreen Andersen's Wish -- NO IN-KIND FORM,2017-08-17,76.29
197,Hotel,"two nights (Sept 19, 2017 and Sept 24, 2017) for Yvonne Albert's Wish",2017-09-20,300
198,Hotel,hotel discount for Stanley Kessman's Wish,2015-09-09,100
199,Hotel,"2 hotel rooms for 2 nights, a dinner for 3 at the Olde Pink House, and 3 trolley tour tickets from Old Savannah Tours for James Wandless's Wish",2017-02-10,1115
199,Hotel,"a $100 gift certificate to Olde Pink House Restaurant, three Old Savannah Tour tickets, and two discounted hotel rooms for two nights April 18-20) for Phyllis Grabowski's Wish",2018-04-25,471.2
200,Hotel,discounted rate for Herman Rogers' Wish from April 14-17,2017-04-17,95
201,Hotel,two rooms for three nights for Angelina Douglas's Wish,2017-06-26,537
202,Hotel,4 nights at the Holiday Inn Waikiki Beachcomber,2014-09-11,720
203,Hotel,a two night stay for April 30-May 2,2015-05-05,337.58
204,Attraction,two tickets to Holy Land Experience for Hazel Tate's Wish,2017-04-28,100
205,Attraction,picnic pavilion rental for Joan Thompson's Wish,2018-04-18,32.1
206,Hotel,50% off of the room rate.,2015-01-07,324
207,Performing-Arts,2 tickets to 'Prince of Player' at the Houston Grand Opera for Lyndall Maxwell's Wish,2016-03-18,200
208,Attraction,"transportation to/from show grounds, tour guide for the day, behind-the-scenes look at the Dairy Cattle Show, ride in the Grand Entry, and tickets (3) to the Rodeo Houston performance and Zac Brown Band concert",2017-03-27,90
209,Hotel,2 Night Accommodation for 2 ,2014-08-26,750
210,Hotel,1 overnight stay + tax for Linda May's Wish,2018-09-04,200
211,Hotel,accommodations for 4 nights (Oct 22-26) in 1 double room for Ruth Birman's Wish,2016-10-26,1059.8
212,Hotel,overnight room and tax for Shelby Harrell's Wish from August 11 to 14 (three nights),2017-08-21,477
213,Photo-or-Video,"event photos, digital image files, and commercial use license for Judy Moore's Wish",2017-12-28,299
214,Photo-or-Video,portrait session with high-resolution images and video coverage,2015-05-05,1748
215,Hotel,a 3 night stay in a 2 queen bed studio room.,2014-12-01,411.05
216,Sports,Backstage Experience Pass for the Powershares Tennis Event ,2015-08-01,425
217,Attraction,private Berlin Jewish tour for four people for Siegfried Knop's Wish,2015-09-24,374.09
218,Attraction,2 admission tickets and guided tours of Intrepid Museum for Audrey Church's Wish,2016-05-18,92
219,Hotel,"1 standard, King room and 1 suite, double Queen room for 2 nights for Linda Perez's Wish",2016-02-29,861.08
220,Photo-or-Video,two hours of photography for Debora Lutz's Wish,2018-06-26,500
221,Hotel,three nights lodging at your Copper Mountain condo.,2014-07-22,285
222,Professional-Service,"discount for writing a biography of wish recipient, Ernest ""Tap"" Tapley -- count for 2016",2016-12-30,15000
223,Photo-or-Video,discounted video shoot for Barbara Hankin's Wish,2015-11-04,250
224,Photo-or-Video,donating photography services for Richard Pfahler's Wish,2015-08-12,300
225,Photo-or-Video,"photoshoot (up to 1.5 hours of photography, digital files presented via an online gallery, unlimited photos) for Frank Matias' wish",2019-01-11,250
226,Photo-or-Video,photo services for Edmund DelBarone's Wish,2017-07-28,100
227,Photo-or-Video,"digital photography, two hours of shooting, and up to 50 edited images for Alvin Dyer's Wish",2017-07-28,375
228,Photo-or-Video,discounted photography of Margaret Stempen's Wish at Purpleologist,2017-09-29,170
229,Photo-or-Video,I had said yes to a different photographer when he responded to my email saying he would like to help and donate his time for wish. Happy to help donate his time for future wishes.,,0
230,Photo-or-Video,photoshoot of Fabio & Milva Alvarado's Wish in NYC,2016-05-12,750
231,Sports,"autographed hero card, die cast, hat, and shirt",2015-06-24,150
232,Photo-or-Video,photography services at a discounted rate for Ruth Carson's Wish,2017-07-18,200
233,Photo-or-Video,one-hour photography session.,2014-10-07,200
234,Sports,"autographed Green Bay Packer, Jerry Kramer items (photo, books, scarf, bobbleheads) for Rose Pawlinski's Wish",2016-08-29,182.33
235,Photo-or-Video,discounted photography for Washington DC Veterans Trip,2017-06-29,1700
236,Photo-or-Video,photography and editing service for Barbara McCauley's Wish,2017-01-13,200
237,Photo-or-Video,discounted photography services for Joan Thompson's Wish,2018-04-18,800
238,Photo-or-Video,full day documentary photography and photo editing for Albert and Esther Maidenbaum's Wish,2016-10-26,750
239,Photo-or-Video,5 hours of photography services for Helen Dulany's Wish,2016-11-01,425
240,Attraction,a free city pass and free Tilt! experience for VIP.,2014-11-18,152
241,Photo-or-Video,discounted photography for Grace Kovach's Wish,2016-09-14,50
242,Photo-or-Video,one hour of portrait photography services for Julie Imhof's Wish,2017-07-31,600
243,Photo-or-Video,Bakers Beach shoot for Beverly Glisan's Wish,2018-04-25,300
244,Photo-or-Video,photography services at AT&T Stadium for Benine Williamson's Wish to go to a Dallas Cowboy's game,2015-09-15,450
244,Photo-or-Video,photography services at AT&T Stadium for Louise Pewitt's Wish,2016-12-26,450
244,Photo-or-Video,photography services at AT&T Stadium for Wylie Wisely's Wish,2016-12-18,450
245,Photo-or-Video,discounted photography for Margaret Barham's Wish,2017-04-06,100
246,Miscellaneous,discounted oil painting classes for Betty Sowell's Wish,2016-04-27,480
247,Performing-Arts,1-hour singing and dancing performance with costumes at Mabel Solomon's community for her wish,2018-07-13,350
248,Photo-or-Video,"Unable to assist with Wilhelmina Edwards wish, but he is interested in photographing other wishes, seems like he would donate",,0
249,Hotel,three nights deluxe accommodations at the JW Marriott Orlando Grande Lakes for Candy Newbury's Wish,2017-01-31,900
250,Photo-or-Video,photography services and video for Irene Grundy's Wish,2017-07-18,1200
251,Sports,"One World Champs Hat, One signed Moustakas baseball, Moustakas ""Forever"" Banner",2016-07-18,218.44
251,Sports,"Royals 50th Season tumbler, Royals 2015 World Series flag, Royal 50th Season t-shirt, and Alex Gordon signed baseball for Phyllis Darby's wish",2018-10-31,185
252,Photo-or-Video,30-minute portrait session for Doris Raftery's Wish,2016-12-12,250
253,Photo-or-Video,discounted photography services for Penny Reeves's Wish,2016-04-14,50
254,Photo-or-Video,photography session for Barbara Thomas' Wish,2017-05-11,500
255,Photo-or-Video,"Friends with Nessa Kissinger, another photographer on this list. Ken was not available to shoot a wish in April 2018, but he said he would be happy to help in the future",,0
256,Photo-or-Video,2 hours and a photographic portrait session with the inclusion of DVD and all images for Amy's Wish of a Lifetime,2014-10-29,250
257,Hotel,two-night stay at Keystone Lodge and Spa for Harriet McGehee's Wish,2017-03-03,558
258,Photo-or-Video,I had said yes to a different photographer when she responded to my email saying she would like to help and donate her time for wish. Happy to help donate her time for future wishes.,,0
259,Photo-or-Video,four hours of photography and editing for Scotty Hart's Wish,2016-07-20,450
260,Photo-or-Video,a discount on photography. ,2014-03-05,50
261,Sports,"""Adventure 20"" car racing class for Shirley McClure's Wish",2016-08-15,399
262,Photo-or-Video,discounted photography services for Lois Wallschlag's Wish,2017-03-31,200
262,Photo-or-Video,"photographic services (event photography coverage, requested portraits, sneak-peek images, and digital download with all retouched images) for Muriel Gursky's Wish",2018-04-30,200
263,Photo-or-Video,photography services for Ruth Hinkle's Wish,2015-09-09,120
264,Photo-or-Video,discounted photography for Linda Perez's Wish,2016-07-15,150
265,Photo-or-Video,photography session and images of Rose Pawlinski's Wish,2016-08-30,1020
266,Attraction,two tickets for Jim Austin's Wish (NO IN-KIND FORM),2017-05-26,50
267,Photo-or-Video,discounted photography service for Tyler Sutton's Wish,2017-03-27,100
268,Miscellaneous,labor for garden clean up for Pat McFee's Wish,2016-07-19,814
269,Photo-or-Video,"2-hour photography session, editing, delivery, and an online gallery for Kenneth Unger's Wish",2016-07-08,150
269,Photo-or-Video,"2-hour photography session, editing, delivery, online gallery, and mileage for Beverly Banks' Wish",2016-07-08,175
269,Photo-or-Video,"photography services for Anne and Janet's reunion in Bradenton, FL (includes drive time, shooting, editing images, and preview, upload, and download images and gallery)",2017-08-07,450
269,Photo-or-Video,"photography services for Walter ""Charlie"" Grace's Wish",2017-05-17,450
269,Photo-or-Video,two hours of photography services and editing of images plus secure delivery for Gwen Baker's Wish,2018-10-31,400
270,Photo-or-Video,"Friends with Nessa Kissinger, another photographer on this list. Lindsay was not available to shoot a wish in April 2018, but is happy to help in the future",,0
271,Photo-or-Video,private photo tour for two people,2015-04-10,160
272,Photo-or-Video,photography and images (copyright included) of Annette Chance's Wish,2016-11-15,1250
272,Photo-or-Video,"photography/documentation of event, hi-resolution images, and copyright permission for Fred Kahn's Wish",2017-04-10,1300
273,Photo-or-Video,photography and final photo edits for Jack Stein's Wish,2017-09-15,350
274,Hotel,$130 discount per night for Virginia Tolley's Wish of a Lifetime,2015-07-01,260
275,Performing-Arts,two tickets to the L.A. Philharmonic's All-Rachmanioff show for Stanley Foreman's Wish,2015-12-18,407
276,Meal,four complimentary dinners for George Scott and his family,2015-08-11,149.91
277,Photo-or-Video,a photography discount for Floyd Gregory's Wish of a Lifetime,2015-07-28,125
278,Photo-or-Video,four hours event coverage and digital download to edited images for Howard McCue's Wish,2017-06-12,1000
279,Performing-Arts,magic show (discounted rate) at a community for Annette Kass's Wish in May 2015,2015-09-30,1000
280,Photo-or-Video,discounted photography coverage for Carolyn Lanier's Wish,2018-07-26,250
281,Photo-or-Video,photography session for Betty Crowley's Wish,2018-04-03,285
282,Photo-or-Video,discounted photography services for Abby Deutsch  and Carl Warner's Wish,2017-09-07,250
283,Photo-or-Video,one hour photography session with 30 full resolution digital images for Tim Brown's Wish,2018-05-01,750
284,Photo-or-Video,photography services (2 hours) for Robert Thomas's Wish,2015-10-06,400
284,Photo-or-Video,photography services for Margaret Fagetti's Wish,2015-08-17,200
285,Photo-or-Video,a discount on photography services for Pat Grier's Wish of a Lifetime,2015-08-06,275
286,Hotel,one night stay at Courtyard Portland Airport (July 6-7) for Richard Hardy's Wish (Marriott Rewards),2016-12-21,189
286,Hotel,one night stay at Courtyard Portland Airport (July 8-9) for Richard Hardy's Wish (Marriott Rewards),2016-12-21,189
287,Hotel,two hotel rooms for three nights for Al and Carol McMichael's Wish -- NO INKIND FORM,2017-08-16,1191.42
288,Photo-or-Video,"Photographed for Jack Dorshaw, Jenny Bond, Roger Baker",,$150.00 
289,Photo-or-Video,2 hours of photography services for Lou Weiske's wish,2015-07-06,200
290,Photo-or-Video,discounted photo shoot for Josephine Neill's Wish,2018-11-09,50
290,Photo-or-Video,discounted photography for Margaret Howe's Wish,2019-01-11,50
291,Meal,dinner for 3 for Wayland's Wish of a Lifetime.,2014-12-02,50
292,Photo-or-Video,photography services for Ginny Smith's Wish,2017-06-23,200
293,Photo-or-Video,"45 minutes of photography, all images professionally retouched, and all images delivered via DropBox for Donald Jungman's Wish",2017-11-13,600
294,Photo-or-Video,photo shoot with image file release for Mel Heckman's Wish,2016-11-09,0
295,Photo-or-Video,photography services for James Wandless's Wish,2017-02-11,300
295,Photo-or-Video,photography services for Phyllis Grabowski's Wish,2018-04-25,300
296,Photo-or-Video,Photographed for Beverly Boggs and Carrielou Rupe,,$400.00 
297,Photo-or-Video,photography discount for Elayne Enroth's Wish,2016-07-18,75
298,Travel/Transportation,discounted charter bus service for four days for Journey of Heroes trip,2016-10-25,525
299,Photo-or-Video,a discount for 3 hours of photography.,2014-07-18,100
300,Celebrity-non-sport,"one autographed copy of Michael J Fox's new book, Always Looking Up.",2014-06-06,218.17
301,Photo-or-Video,For Margaret Smith's Wish,,$200.00 
302,Photo-or-Video,photography for Joan Reighley's Wish,2018-03-14,100
303,Photo-or-Video,"a discounted photography session for Marie, Don, and Joe's Wish",2016-07-14,350
303,Photo-or-Video,discounted photography services for Richard Robert's Wish (Attn: Michelle Harris),2016-04-27,50
303,Photo-or-Video,photography discount for Ed Stewart's Wish of a LIfetime,2015-08-01,100
304,Photo-or-Video,photographs of Sue Croan's Wish,2016-04-27,1195
305,Recreational-Transportation,discounted L-39 Albatros Jet Flight experience for Jack Dorshaw's Wish,2016-04-07,500
306,Photo-or-Video,one hour of photography and delivery of edited images for June Johnson's Wish,2017-01-12,150
306,Photo-or-Video,photography services for Stanley Kessman's Wish,2015-09-09,120
307,Photo-or-Video,general photography for Arlene Hamilton's Wish,2017-07-24,150
308,Photo-or-Video,For Frank Vela's Wish,,"$1,000.00 "
309,Photo-or-Video,two hours of photography coverage for Frank Vela's Wish,2018-05-16,1000
310,Photo-or-Video,"Unavailable to shoot wish I requested, but potential for donating photography for future wishes",,0
311,Hotel,3-night stay in 2 room for Fabio and Milva Alvarado's Wish,2016-05-17,990
311,Hotel,two night stay in a superior room for Julie Imhof's Wish,2017-07-28,300
312,Attraction,4 tickets to the Martin Luther exhibit for Ernest Gregory's Wish,2016-12-20,80
313,Sports,one-hour full access at the Minnesota Lynx practice facility for Marvin Haara's Wish,2017-03-31,5000
314,Sports,four tickets to Packers vs. Vikings game. ,2014-11-23,403.48
315,Photo-or-Video,discounted photography for Sue Tsosie's Wish,2016-06-27,50
316,Miscellaneous,one session of adult private swim lessons for Vernie Burkett's Wish ,2018-06-26,80
317,Photo-or-Video,photography for Cindy Florsheim's Wish - no contact info on In-Kind Form,2018-11-09,425
318,Travel/Transportation,discounted handicap accessible transportation services for Leslie Glancy's Wish,2016-05-03,434
319,Photo-or-Video,a discount for photography session.,2014-09-06,150
320,Performing-Arts,1 ticket to the best seats at the Moscow Ballet's Nutcracker at the Lakeland center,2014-08-15,180
321,Attraction,"redwood canopy tours, go-pro rentals, photos, and shirts for 2 people for Melva Gosage's Wish",2016-07-18,332
322,Sports,"a VIP game day experience, custom game jersey, flowers, and a locker room visit",2014-12-11,800
323,Sports,ride-a-long 3 laps as a passengers in a race car for Betty Crowley's Wish,2018-04-03,129.99
324,Attraction,3 museum admissions and museum docent led tour for James Wandless's Wish,2017-02-11,36
325,Celebrity-non-sport,"a personalized, signed photo of Mark Harmon. ",2014-12-05,148.33
325,Celebrity-non-sport,an NCIS episode script signed by the cast. ,2014-12-05,349.99
326,Photo-or-Video,Fpr Wilhelmina Edwards' Wish,,$500.00 
327,Sports,"12 Yankees tickets ($4,500), 8 nights hotel ($1,600), 4 round-trip airfare (3 Tampa/NY = $900 and 1 Denver/NY $350), and car service multiple days (approx. $250) for San Reale's Wish from June 12-15, 2018",2018-06-22,7600
327,Sports,three Yankees tickets and batting practice field passes for Herman Rogers' Wish,2017-04-20,750
328,Photo-or-Video,"Ended up hiring a photographer that was located closer to the wish, but Nick is interested in working with us in the future",,0
329,Sports,two tickets to Ohio State Football vs. Oregon State for Linda May's Wish,2018-09-04,214
330,Sports,"Four game tickets, personalized jersey, gift bag, and dinner for four.",2015-03-02,475
331,Attraction,two VIP tickets for Wilhelmina Edwards' Wish -- NO INKIND FORM,2017-08-31,59.4
332,Attraction,two one-day passes for a Washington D.C. Trolley Tour,2015-05-18,140
333,Photo-or-Video,discounted photography for Steve Logan's Wish,2016-08-03,200
334,Photo-or-Video,Marion Howard's Wish,,$550.00 
335,Photo-or-Video,1-hour photo session and digital images for Gerda Koenig's Wish,2017-09-29,500
336,Recreational-Transportation,flight instruction and air craft rental for James Vaugn's Wish,2018-05-15,58.5
337,Photo-or-Video,professional photography services (1 hr) for Lois Jaenicke's Wish,2017-06-23,175
338,Hotel,discounted hotel room for Lavinia Strickland's Wish,2016-10-28,100
339,Hotel,discounted hotel room for Robert Thomas's Wish,2015-10-08,500
340,Photo-or-Video,Couple Session B for up to 1 hour with 20 digital files and an add-on package of 20 digital files for Woody Parker's Wish ,2018-03-09,1500
341,Photo-or-Video,discounted photography services for Sharon Garrett's Wish,2015-08-17,60
342,Meal,dinner for 4 for Ernie Simkins's Wish,2017-02-08,171.25
343,Miscellaneous,rental discount for Norbert Wagner's Wish,2016-07-14,104.4
344,Photo-or-Video,photo shoot of three hours and post-processing for Jacquelin Balch's Wish ,2018-11-15,400
345,Sports,25% discount for nonprofits extended to us for Larry Brady's wish,2015-03-05,574
346,Photo-or-Video,half off of photography services,2015-07-08,75
347,Performing-Arts,"4 hours of studio time, including recording, editing, and mixing, for Mary Ward's Wish",2016-10-17,600
348,Photo-or-Video,discounted photography services for Nicholas Epitropou's Wish,2015-12-08,75
349,Photo-or-Video,discounted photography for Barbara Lightsey's Wish (NO IN-KIND FORM SUBMITTED),2017-05-26,150
350,Attraction,horse and carriage ride for  two for Thomas Jones and Judy Rinehart's Wish,2018-06-12,50
351,Meal,dinner for two at Polaris for Sharon's Wish of a Lifetime,2014-09-25,100
352,Attraction,two Pearl Harbor and Oahu Circle Island bus tours.,2015-01-09,159.48
353,Wheelchair/Medical Equipment,rental of portable oxygen concentrator and cannulas for Leonard Littlepage's Wish,2017-10-31,198
353,Wheelchair/Medical Equipment,rental of portable oxygen concentrator and cannulas for Mary Ann Dudash's Wish  (July 18-25),2017-07-25,198
354,Photo-or-Video,discounted photography for Agnes Toltin's Wish,2016-07-26,345
355,Meal,10 pounds of rugulash for Lois Wallschlag's Wish,2017-03-16,115
356,Miscellaneous,gift cards to PURPLEologist store for Margaret Stempen's Wish -- NO IN-KIND FORM,2017-10-06,150
357,Photo-or-Video,photo session for Jim Austin's Wish,2017-05-26,450
358,Photo-or-Video,"candid photo session for one hour and edited, digital files for Thomas Jones and Judy Rinehart's Wish",2018-06-12,320
359,Photo-or-Video,photo session with digital images in a gallery for a WOL/DaVita event for Paul Schuller's Wish,2017-12-06,500
359,Photo-or-Video,photography for Carroll Redding's Wish,2016-10-10,450
360,Hotel,discounted room rate for an employee traveling for Melvin Heckman's Wish of a Lifetime,2016-12-12,471.66
361,Recreational-Transportation,free tethered hot balloon ride at the Great Reno Balloon Festival for Beverly Poteete's Wish,2016-09-09,300
362,Photo-or-Video,photography services for Joyce Gimmell's Wish,2016-08-12,250
363,Meal,complimentary gift certificates for Mary Martinez's Wish -- NO INKIND,2017-09-08,100
364,Photo-or-Video,one hour of photography services for Francis Crowley's Wish,2016-06-27,125
365,Hotel,one guest room for two nights with complimentary valet and WiFi for Jack Hager's Wish,2017-10-20,500
366,Hotel,three night stay for Arline Raudenbush's Wish,2018-07-13,495
367,Recreational-Transportation,"two box seats, parking passes, and a meeting with pilot Steve Hinton for Chuck DeCrane's wish",2016-09-19,336
368,Hotel,"2 night stay in a one bedroom suite, including buffet breakfast, for Sam Perez's Wish",2017-10-20,518
369,Hotel,discount on a hotel for Velma's Wish of a Lifetime,2014-08-21,150
370,Hotel,5 complimentary nights in a 2 bedroom suite including breakfast and parking,2015-03-16,1700
371,Hotel,three nights at a 50% discount for Diane Louder's Wish - NO INKIND FORM,2018-11-19,357
372,Attraction,tour of Mount Rushmore for Allen Weaver's Wish,2017-04-25,159
373,Professional-Service,investigation services for Ella Goodbread's Wish,2017-07-18,450
373,Professional-Service,investigative time for Yung Kang's Wish,2017-06-30,250
374,Photo-or-Video,photo shoot for Larry Prociw's Wish,2017-08-31,490
375,Photo-or-Video,photo session for Jackie Gray's Wish of a Lifetime,2015-07-09,125
376,Photo-or-Video,photography services for George Scott's Wish of a Lifetime,2015-07-30,300
377,Attraction,two Victory Rover Naval Base Cruise passes for Alvin Dyer's Wish,2017-07-28,56
378,Meal,three (3) beach cookies for Joan Thompson's WIsh,2018-04-18,21.6
379,Photo-or-Video,"Willing to photograph Doris Raftery's wish for free, but was unavailable on the date needed. She would love to photograph future wishes in the area. Can also use her network to help us find photographers around the US. All of the photogrpahers she has recommended have donated and provided great photos.",,0
380,Sports,three tickets to the April 9th game for Edward Dewey's Wish ,2017-04-12,102.93
381,Sports,an 8x10 autographed photo of Tony Parker.,2014-12-17,99.95
382,Sports,"field visit, four lower box seats, and merchandise for Patty Stamp's Wish",2017-04-15,2427
383,Photo-or-Video,photography session for Bill Ulrich's Wish in July 2015,2015-07-09,850
384,Photo-or-Video,discounted photo session and gallery for Marie Jackson's Wish,2016-11-14,100
385,Sports,3-5 laps around CSP Golden Track in a performance/race car for William Coy's Wish,2018-10-31,500
386,Wheelchair/Medical Equipment,2 scooter rentals for 4 days for Gene's Wish of a Lifetime,2014-09-03,260
387,Photo-or-Video,photography of Mary Bertch as she prepared for a balloon ride,2015-05-14,100
388,Photo-or-Video,two-hour photography session and edited high resolution images for Marion Howard's Wish,2017-05-11,550
389,Sports,a meet and greet with two Sea Gals for Floyd Gregory,2015-04-24,600
390,Photo-or-Video,"Unavailable to shoot wish I requested, but potential for donating photography for future wishes",,0
391,Meal,Seasons 52 gift card for Margaret Smith's Wish,2016-10-17,52
392,Sports,"full game experience including tickets/sideline passes and Seahawks gear for November 15th, 2018 game for Dianne Lauder's Wish - NO INKIND FORM",2018-11-19,1200
393,Professional-Service,caregiving services at a discounted rate for Wish of a Lifetime's Veterans Trip,2015-09-03,96
394,Travel/Transportation,ride discount for Ed DelBarone's Wish,2017-07-31,39
395,Attraction,Denver Zoo souvenirs for Kathy Allen's Wish,2016-12-14,141.93
396,Photo-or-Video,discount on photography services for Fred's Wish of a Lifetime,2014-11-25,300
397,Photo-or-Video,discounted professional photography session for Mary Ward's Wish,2016-10-28,200
398,Performing-Arts,3 discounted Shen Yun tickets for Barbara McCauley's Wish,2017-01-14,90
399,Hotel,two guest rooms for a two-night stay for Delores Cherry's Wish ,2018-03-28,623.2
400,Hotel,1-night stay for Joan Reighley's Wish,2018-03-14,375
401,Photo-or-Video,discounted photography services for Amy's Wish of a Lifetime,2014-10-10,160
402,Photo-or-Video,"photography, photography, and editing of Charlotte Tucker's Wish",2016-08-26,400
403,Recreational-Transportation,discounted two 30-min discovery flights for Doug Roger's Wish,2017-07-11,50
404,Photo-or-Video,discount on 1 hour photography session and digital images for Anne's Wish of a Lifetime,2014-10-10,225
405,Photo-or-Video,discounted photography services for Hella Schmidt's Wish,2016-04-25,175
406,Sports,"Box Seats, VIP Lunches, Soap Box souvenirs, transportation, and a ride in a Soap Box Derby car",2015-07-29,240
407,Photo-or-Video,"one evening of photography coverage (December 1, 2017) and edited digital images delivered online for Zane Miller's Wish",2017-12-26,895
408,Professional-Service,"CNA services (4 hours), social work planning (8 hours), hospice team hours (5-8 employees), and decorations for Lysle Pietsch's Wish",2016-02-05,500
408,Professional-Service,"hospice aide, staff hours, photo development, and photo for Ronald Christensen",2016-08-12,250
408,Professional-Service,"staff hours, appetizers, and beverages for Vince  Cordano's Wish",2016-02-15,285
409,Travel/Transportation,2 round-trip flights from West Palm Beach to Baltimore/Washington,2015-05-14,590
410,Sports,a discounted signed Kimi Raiikkonen Ferrari Framed Cap,2016-07-08,61.71
411,Sports,"three (3) tickets to Spurs v Chicago Bulls on 11/11/17, dinner in the Terrace Restaurant, and Spurs swag for Donald Jungman's Wish",2017-11-13,1200
412,Recreational-Transportation,discount for a 4-hour sailing experience for Paul Hannon's Wish,2016-03-21,190
413,Photo-or-Video,discounted photography for Margaret Barkley's Wish to reunite with her sister Marjorie,2017-12-05,75
414,Photo-or-Video,photography for Arthur Hawley's Wish to fly in a P51 at  the Camarillo airport,2017-09-29,375
415,Photo-or-Video,discounted 30-min photo session for Darlena Clements' Wish,2017-07-06,50
416,Photo-or-Video,$50 discount on photography services for Chuck Ebaugh's Wish of a Lifetime,2015-07-29,50
417,Photo-or-Video,professional photography service and full reprint rights discount for John Spargo's Wish,2017-09-19,299
418,Travel/Transportation,limousine transportation service for Lillian Williams' Wish,2018-06-26,300
419,Photo-or-Video,1-hour photoshoot package for David Wright's Wish of a Lifetime,2014-08-15,260
420,Photo-or-Video,photography services for Patty Stamp's wish,2017-04-15,600
421,Photo-or-Video,discounted photography session for Stan Westhead's Wish,2017-02-20,50
422,Photo-or-Video,drone add-on for 1.5 hours for Harriet McGehee's Wish,2017-03-03,262.5
423,Miscellaneous,a private horse riding lesson.,2014-06-23,50
424,Travel/Transportation,complimentary airport transfers for Fabio and Milva Alvarado's Wish (attn: Paula Warrington),2016-05-03,306.76
425,Photo-or-Video,one hour of professional photography (event coverage) and digital download of all high-resolution photos with printing rights for Eleanor Dew's Wish,2018-05-31,820
426,Photo-or-Video,photography and travel for James Vaughn's Wish,2018-05-16,350
427,Photo-or-Video,full day of photography for Robert Jones' Wish,2017-08-21,1250
428,Sports,two Tampa Bay Lighting tickets for Sue Levitt's Wish ,2016-10-25,217.16
429,Photo-or-Video,"Photographed Baume and Mercier event in SF, interested in working with us in the future. ",,0
430,Photo-or-Video,professional photographer service,2014-08-18,450
431,Photo-or-Video,discounted photography session for Mabel Solomon's Wish,2018-07-13,125
431,Photo-or-Video,one hour of photography service at a discounted rate for Elinore Malone's Wish,2018-11-09,75
432,Photo-or-Video,"discounted photo package, including all high resolution images, photography on site, post processing, and travel time, for Laverda Hurldburt’s Wish",2017-02-27,100
433,Recreational-Transportation,30-minute flight for Roger Dawson's Wish,2017-05-30,300
434,Sports,a Michael Young autographed baseball and a Michael Young playing card for Doris Sage's Wish (no In-Kind Form),2015-12-10,104.18
435,Sports,One-Year Membership to the AAC for 14er4aSenior Winner,2015-09-09,80
436,Miscellaneous,roses in a vase and vase arrangement of mixed colorful flowers for Irene Grundy's Wish,2017-07-21,195
437,Meal,special dinner discount (50% off) for Sam and Dorothy Hoeflich's Wish,2016-11-08,67.28
438,Meal,discounted dinner for John Atkinson's Wish,2016-07-25,63.38
439,Sports,"2 Dale Jr. T-shirts, credential holder, can koozie, and Amp hat autographed by Dale Earnhardt Jr.",2015-05-27,135
440,Hotel,three-night stay in a signature suite for Virginia Spreng's Wish,2015-11-20,1456.08
441,Hotel,luxury resort accommodations for three days-two nights for Barbara Lightsey's Wish,2017-05-01,699.08
442,Hotel,discounted room stay for Lenora's Wish of a Lifetime,2014-10-15,140.4
443,Hotel,discounted two night stay and room upgrade for Barbara Thomas' Wish -- NO INKIND FORM,2017-05-11,512.32
444,Hotel,$50 discount per evening for a two-night stay for Virginia Tolley's Wish of a Lifetime,2015-07-31,100
445,Performing-Arts,two discounted tickets to The Christmas Spectacular starring the Radio City Rockettes for Nancy Bouleware's Wish,2018-11-14,132
446,Hotel,2 night stay for Daniel Wenzlaff's Wish,2016-10-14,1500
447,Meal,dinner for 2 for Ford Lund's Wish,2015-09-08,250
448,Celebrity-non-sport,Rachael Ray signed cookbook and Rachael Ray video message for Leta Huff's Wish,2017-03-31,39.99
449,Performing-Arts,four tickets to 'Swan Lake',2016-02-17,260
450,Performing-Arts,"event space, live band, and dancers for Doris Willett's Wish",2018-01-16,500
451,Photo-or-Video,discount for photography services,2015-07-16,124.99
452,Photo-or-Video,photography services and photos for Fane Hein's Wish of a Lifetime,2015-06-10,405
453,Photo-or-Video,discounted photo shoot and images for Dorothy Goodman's Wish in August 2015,2015-08-14,250
454,Miscellaneous,"driver training, driving, and fun day with 1922 Ford Model T for Arthur Peyser's Wish",2018-08-27,500
455,Photo-or-Video,"Very excited for the opportunity, speedy in communication and great with follow-up for Bert (Harold Adelbert) Shepperd's Wish",,$120.00 
456,Photo-or-Video,2 hours of photography for Gordon's Wish of a Lifetime,2014-11-21,450
457,Celebrity-non-sport,autographed Barry Manilow photo for Elva Troncone's Wish -- NO IN-KIND FORM,2017-10-06,129.99
458,Sports,"four Wednesday tickets, four Thursday tickets, and VIP parking pass for Noreen Murnane's Wish",2017-06-22,334
459,Photo-or-Video,2 hours of photography for Chuck DeCrane's Wish,2016-09-19,450
460,Attraction,two 3-day park-to-park passes to Universal Orlando Resort for Candy Newbury's Wish,2017-01-31,548
461,Photo-or-Video,two hours of photographic coverage for Wilhemina Edward's Wish,2017-06-19,500
462,Recreational-Transportation,shared hot air balloon ride for two passengers for Gerda Koenig's Wish -- NO IN-KIND FORM,2017-08-31,440
463,Photo-or-Video,"photography, editing, and image use for Andra Herring's Wish",2017-06-02,400
464,Photo-or-Video,"discounted photography services for Anne McClure's Wish on June 22, 2017",2017-06-28,395
464,Photo-or-Video,"discounted photography services for Pauline Rosendorf's Wish on June 13, 2017 ",2017-06-28,395
464,Photo-or-Video,photography services for Doug Rogers's Wish,2017-07-11,500
465,Photo-or-Video,photography services for Alice Stagg's Wish,2017-09-29,300
466,Hotel,3-night stay in a grand deluxe double for Ford Lund's Wish,2015-08-31,918
467,Sports,Nine holes tee time for 3 players for Steve Horgash's Wish,2016-10-25,69
468,Attraction,admission passes to the zoo and exclusive animals events for Mary Bruce's Wish,2018-01-04,200
469,Miscellaneous,Taylor 150 E 12 string guitar with gig bag,2014-12-22,899
470,Photo-or-Video,discounted photography services for Al Manoli's Wish,2016-08-27,170
471,Photo-or-Video,portrait photography services for Patsy Henderson's Wish,2017-07-18,195
472,Celebrity-non-sport,"2 concert tickets, 2 backstage passes, and meet-and-greet with Willie Nelson at the Tabernacle in Atlanta, GA on Februrary 27",2015-03-02,499
473,Attraction,two tickets to Willis Tower.,2014-11-18,39
474,Sports,"signed Wisconsin football and on-field, post-game experience at Camp Randall Stadium for Keith Thomas's Wish",2016-09-28,80
475,Photo-or-Video,photography services for Helen Hudgens' Wish,2017-03-13,70
476,Sports,"3 tickets to WWE and John Cena hat, shirt, and signed photo for Victor Miller's Wish",2016-07-19,220
476,Sports,authentically signed John Cena autograph along with a letter of congratulations for a birthday for Georgia Russell's Wish,2017-10-31,50
476,Sports,John Cena items with authentic autograph,2015-02-27,100
477,Sports,two night stay in a double ocean view room and parking for Debora Anderson's Wish,2017-06-22,980
478,Hotel,three nights in a deluxe oceanfront room with two queen sized beds for Earl Parker's Wish ,2017-05-18,686
479,Photo-or-Video,professional cinematography services for Rose Britt-Hugh's Wish,2018-09-11,2000
480,Recreational-Transportation,a private sailing trip for Betty's Wish of a Lifetime,2014-11-13,720
481,Photo-or-Video,photography (90-min) for Charlie Hoover's Wish,2017-08-21,550
